Client Name,Contact Number,Email ID,Signup Date,Project Interest,Status,Additional Comments
Vijay Patel,+91 9103172820,,03/08/2026,Meridian Tower,did not connect,Requesting floor plan via WhatsApp
Sneha Johnson,+91 9883237370,sneha.johnson2@groweasy.ai,2026-06-04,Eden Park 3BHK,,Alternate email: another@example.com
Vikram Gupta,+91 9057037958,vikram.gupta3@example.com,2026-11-06,Eden Park 2BHK,,Looking for home loan support
Pooja Nair,+91 9843896167,pooja.nair4@startup.io,2026-11-19,Eden Park 3BHK,,Alternate email: another@example.com
Vijay Singh,+91 9629253690,,2026-12-22,Sarjapur Plots,Good lead follow up,Alternate email: another@example.com
John Johnson,+91 9391012154,john.johnson6@example.com,"Aug 16, 2026",Varah Swamy Residency,bad lead,Wants a higher floor
Priya Singh,+91 9310926728,,18/07/2026,Sarjapur Plots,bad lead,Alternate email: another@example.com
Rajesh Chawla,+91 9308455919,rajesh.chawla8@example.com,23/01/2026,Meridian Tower,Good lead follow up,Interested in a corner flat
Pooja Nair,+91 9320483281,pooja.nair9@yahoo.com,10/05/2026,Eden Park 3BHK,,Alternate email: another@example.com
Rahul Sen,,rahul.sen10@outlook.com,08/03/2026,Eden Park 3BHK,Good lead follow up,
Rajesh Chawla,+91 9921408903,rajesh.chawla11@outlook.com,46201,Eden Park 2BHK,bad lead,
Anjali Kumar,+91 9318354226,anjali.kumar12@startup.io,22/07/2026,Sarjapur Plots,sale done,Wants to visit the site this weekend
Priya Joshi,+91 9357132337,priya.joshi13@startup.io,"Jul 20, 2026",Meridian Tower,bad lead,Alternate email: another@example.com
Sarah Patel,+91 9616381812,sarah.patel14@startup.io,28/03/2026,Sarjapur Plots,sale done,Wants a higher floor
Pooja Reddy,+91 9925295074,pooja.reddy15@outlook.com,46201,Varah Swamy Residency,bad lead,Looking for home loan support
Rajesh Verma,+91 9767739610,rajesh.verma16@groweasy.ai,"Jun 08, 2026",Eden Park 3BHK,bad lead,
Rajesh Reddy,+91 9126426102,rajesh.reddy17@startup.io,2026-08-12,Varah Swamy Residency,sale done,Looking for home loan support
Vikram Johnson,+91 9344152246,vikram.johnson18@gmail.com,15/08/2026,Eden Park 2BHK,,Interested in a corner flat
Rahul Kumar,+91 9024105323,rahul.kumar19@startup.io,16/10/2026,Varah Swamy Residency,Good lead follow up,Requesting floor plan via WhatsApp
Sneha Rao,+91 9593198005,sneha.rao20@yahoo.com,"Jan 14, 2026",Eden Park 3BHK,bad lead,
Karan Sen,+91 9552306711,karan.sen21@gmail.com,46201,Meridian Tower,did not connect,Please call after 5 PM
Rohan Nair,+91 9754291641,rohan.nair22@example.com,46201,Meridian Tower,did not connect,Wants to visit the site this weekend
Amit Johnson,+91 9412412319,amit.johnson23@example.com,"Feb 26, 2026",Eden Park 2BHK,Good lead follow up,Wants a higher floor
Sneha Johnson,+91 9199015790,sneha.johnson24@outlook.com,2026-07-23,Sarjapur Plots,bad lead,Interested in a corner flat
Rohan Joshi,+91 9474940730,rohan.joshi25@gmail.com,2026-12-28,Sarjapur Plots,,Wants a higher floor
Sneha Sharma,,sneha.sharma26@yahoo.com,21/08/2026,Meridian Tower,bad lead,Please call after 5 PM
Priya Verma,+91 9995804099,priya.verma27@gmail.com,2026-08-02,Meridian Tower,Good lead follow up,Wants to visit the site this weekend
Vikram Johnson,+91 9022001180,vikram.johnson28@example.com,46201,Varah Swamy Residency,did not connect,
Rohan Rao,+91 9455600073,rohan.rao29@gmail.com,08/02/2026,Eden Park 3BHK,bad lead,Wants to visit the site this weekend
Karan Doe,+91 9147803855,,28/02/2026,Eden Park 3BHK,Good lead follow up,Please call after 5 PM
Deepika Sharma,+91 9708072779,deepika.sharma31@yahoo.com,13/06/2026,Varah Swamy Residency,did not connect,Looking for home loan support
Neha Rao,+91 9530592614,neha.rao32@example.com,46201,Meridian Tower,Good lead follow up,Wants to visit the site this weekend
John Joshi,+91 9034460445,john.joshi33@gmail.com,2026-05-26,Sarjapur Plots,bad lead,Wants to visit the site this weekend
Priya Sen,+91 9346678070,priya.sen34@yahoo.com,"Nov 26, 2026",Eden Park 3BHK,,Wants to visit the site this weekend
Priya Patel,+91 9438398876,priya.patel35@gmail.com,"Sep 05, 2026",Varah Swamy Residency,did not connect,Looking for home loan support
Sarah Mehta,+91 9939844840,sarah.mehta36@startup.io,46201,Sarjapur Plots,did not connect,Interested in a corner flat
Rohan Reddy,+91 9181105022,rohan.reddy37@startup.io,46201,Sarjapur Plots,Good lead follow up,Alternate email: another@example.com
Neha Gupta,+91 9238366989,neha.gupta38@startup.io,17/02/2026,Meridian Tower,sale done,Please call after 5 PM
Sneha Kumar,+91 9784153733,sneha.kumar39@example.com,2026-11-22,Sarjapur Plots,sale done,Please call after 5 PM
Rahul Rao,+91 9672197892,rahul.rao40@outlook.com,46201,Eden Park 3BHK,Good lead follow up,Wants to visit the site this weekend
Karan Patel,+91 9696904388,karan.patel41@groweasy.ai,46201,Varah Swamy Residency,bad lead,Wants to visit the site this weekend
Vijay Singh,+91 9252358895,vijay.singh42@startup.io,2026-12-12,Eden Park 3BHK,bad lead,Requesting floor plan via WhatsApp
Amit Verma,+91 9798651486,amit.verma43@example.com,18/12/2026,Eden Park 3BHK,did not connect,
Anjali Patel,+91 9150121417,anjali.patel44@yahoo.com,"Jun 18, 2026",Eden Park 2BHK,did not connect,Please call after 5 PM
Anjali Chawla,+91 9075291652,anjali.chawla45@groweasy.ai,10/10/2026,Eden Park 3BHK,sale done,Wants a higher floor
Anjali Nair,+91 9199916774,anjali.nair46@startup.io,07/02/2026,Eden Park 3BHK,bad lead,Alternate email: another@example.com
Sarah Sen,+91 9270351530,sarah.sen47@gmail.com,2026-10-03,Eden Park 3BHK,bad lead,Please call after 5 PM
Neha Sen,+91 9332241366,neha.sen48@yahoo.com,"Sep 05, 2026",Meridian Tower,sale done,
Vijay Rao,+91 9806430973,vijay.rao49@startup.io,46201,Eden Park 2BHK,Good lead follow up,Alternate email: another@example.com
John Verma,+91 9245539755,john.verma50@outlook.com,46201,Meridian Tower,did not connect,Wants a higher floor
Rohan Nair,+91 9932057323,rohan.nair51@example.com,2026-02-07,Eden Park 3BHK,,Interested in a corner flat
Sneha Johnson,+91 9038837631,sneha.johnson52@gmail.com,2026-03-17,Eden Park 2BHK,Good lead follow up,Looking for home loan support
John Singh,+91 9484582119,john.singh53@outlook.com,08/06/2026,Eden Park 3BHK,sale done,Wants a higher floor
Karan Doe,+91 9645443650,,26/10/2026,Eden Park 2BHK,,Wants to visit the site this weekend
Rahul Johnson,+91 9857545002,rahul.johnson55@startup.io,2026-07-13,Eden Park 3BHK,sale done,Wants to visit the site this weekend
Anjali Sen,+91 9077903599,anjali.sen56@startup.io,46201,Meridian Tower,did not connect,Interested in a corner flat
Rohan Patel,+91 9385652043,rohan.patel57@groweasy.ai,18/10/2026,Varah Swamy Residency,,Requesting floor plan via WhatsApp
Deepika Patel,+91 9890239786,deepika.patel58@groweasy.ai,46201,Eden Park 2BHK,,Interested in a corner flat
Sarah Patel,+91 9181047314,sarah.patel59@yahoo.com,"Aug 13, 2026",Varah Swamy Residency,bad lead,
Karan Sharma,+91 9904521245,karan.sharma60@startup.io,2026-04-23,Eden Park 3BHK,,Alternate email: another@example.com
Sarah Gupta,+91 9477801793,sarah.gupta61@example.com,2026-04-26,Sarjapur Plots,,Wants to visit the site this weekend
Deepika Nair,+91 9807806148,deepika.nair62@groweasy.ai,"Feb 01, 2026",Eden Park 3BHK,sale done,Looking for home loan support
Rajesh Chawla,+91 9303729562,rajesh.chawla63@outlook.com,46201,Varah Swamy Residency,sale done,Alternate email: another@example.com
Vijay Kumar,+91 9540722652,vijay.kumar64@yahoo.com,"May 14, 2026",Eden Park 3BHK,Good lead follow up,Interested in a corner flat
Anjali Patel,+91 9386792233,anjali.patel65@yahoo.com,2026-03-13,Sarjapur Plots,sale done,Please call after 5 PM
Sarah Gupta,+91 9132037210,sarah.gupta66@gmail.com,"Mar 07, 2026",Eden Park 2BHK,bad lead,Please call after 5 PM
Karan Verma,+91 9357084087,karan.verma67@gmail.com,2026-09-14,Eden Park 2BHK,Good lead follow up,Requesting floor plan via WhatsApp
Sneha Doe,+91 9480155336,sneha.doe68@groweasy.ai,2026-09-21,Meridian Tower,sale done,Wants to visit the site this weekend
Rajesh Nair,+91 9633282614,rajesh.nair69@yahoo.com,"Mar 10, 2026",Varah Swamy Residency,bad lead,Wants to visit the site this weekend
Rahul Nair,+91 9345989246,rahul.nair70@startup.io,"Sep 22, 2026",Meridian Tower,did not connect,Wants a higher floor
Priya Kumar,+91 9376094387,priya.kumar71@gmail.com,46201,Eden Park 3BHK,did not connect,Please call after 5 PM
Amit Sen,+91 9765218879,,46201,Eden Park 2BHK,,Interested in a corner flat
Vijay Johnson,+91 9255844479,vijay.johnson73@gmail.com,"Jun 14, 2026",Eden Park 3BHK,,Requesting floor plan via WhatsApp
Anjali Nair,+91 9402526950,anjali.nair74@yahoo.com,"Jun 22, 2026",Sarjapur Plots,Good lead follow up,
Rohan Mehta,+91 9487743867,rohan.mehta75@gmail.com,46201,Eden Park 2BHK,Good lead follow up,Requesting floor plan via WhatsApp
John Rao,+91 9472707600,john.rao76@startup.io,46201,Eden Park 3BHK,sale done,Alternate email: another@example.com
Rahul Patel,+91 9244537718,rahul.patel77@example.com,2026-01-14,Sarjapur Plots,Good lead follow up,Wants to visit the site this weekend
Vijay Chawla,+91 9603223380,vijay.chawla78@groweasy.ai,2026-02-23,Eden Park 2BHK,Good lead follow up,Wants to visit the site this weekend
Karan Sharma,+91 9485363587,karan.sharma79@outlook.com,04/01/2026,Eden Park 3BHK,bad lead,Please call after 5 PM
Sarah Chawla,+91 9916675860,sarah.chawla80@gmail.com,"Jul 02, 2026",Eden Park 2BHK,Good lead follow up,Please call after 5 PM
Pooja Singh,+91 9590402928,pooja.singh81@gmail.com,46201,Sarjapur Plots,,
Pooja Mehta,+91 9788586122,pooja.mehta82@groweasy.ai,2026-07-05,Sarjapur Plots,Good lead follow up,Looking for home loan support
Anjali Sen,+91 9683834457,anjali.sen83@startup.io,18/10/2026,Eden Park 3BHK,did not connect,Wants a higher floor
Rajesh Doe,+91 9573990311,rajesh.doe84@yahoo.com,"Aug 20, 2026",Varah Swamy Residency,,Wants to visit the site this weekend
Sneha Sen,+91 9963813718,sneha.sen85@yahoo.com,09/11/2026,Sarjapur Plots,sale done,Wants a higher floor
Rahul Gupta,+91 9518265091,rahul.gupta86@startup.io,"Mar 25, 2026",Varah Swamy Residency,bad lead,Interested in a corner flat
Neha Patel,+91 9455151235,neha.patel87@groweasy.ai,02/05/2026,Sarjapur Plots,bad lead,Wants a higher floor
Deepika Kumar,+91 9346365772,deepika.kumar88@outlook.com,2026-02-25,Meridian Tower,sale done,Interested in a corner flat
Amit Kumar,+91 9061682523,amit.kumar89@yahoo.com,09/08/2026,Varah Swamy Residency,,Looking for home loan support
Vijay Nair,,vijay.nair90@example.com,2026-07-05,Sarjapur Plots,did not connect,Wants to visit the site this weekend
Rahul Johnson,+91 9414758227,rahul.johnson91@yahoo.com,05/10/2026,Eden Park 3BHK,Good lead follow up,Wants to visit the site this weekend
Deepika Joshi,+91 9473132013,deepika.joshi92@startup.io,2026-05-16,Meridian Tower,,Wants a higher floor
Vijay Joshi,+91 9181747671,vijay.joshi93@gmail.com,17/01/2026,Eden Park 3BHK,Good lead follow up,Requesting floor plan via WhatsApp
John Chawla,+91 9337793657,john.chawla94@groweasy.ai,2026-10-23,Varah Swamy Residency,bad lead,Requesting floor plan via WhatsApp
Amit Reddy,+91 9775132566,amit.reddy95@yahoo.com,46201,Sarjapur Plots,did not connect,Interested in a corner flat
Vikram Chawla,+91 9311413575,vikram.chawla96@startup.io,"Jan 21, 2026",Eden Park 2BHK,bad lead,Interested in a corner flat
Vikram Gupta,+91 9996050875,vikram.gupta97@example.com,46201,Eden Park 2BHK,,Wants to visit the site this weekend
Rohan Gupta,+91 9851476350,rohan.gupta98@outlook.com,2026-12-19,Varah Swamy Residency,Good lead follow up,
Anjali Reddy,+91 9009148745,anjali.reddy99@outlook.com,46201,Sarjapur Plots,Good lead follow up,
Neha Gupta,+91 9766363635,neha.gupta100@yahoo.com,"Sep 19, 2026",Eden Park 2BHK,did not connect,Alternate email: another@example.com
Karan Sen,+91 9696269205,karan.sen101@groweasy.ai,2026-04-04,Eden Park 2BHK,bad lead,
Priya Singh,+91 9701175926,priya.singh102@yahoo.com,46201,Sarjapur Plots,sale done,Alternate email: another@example.com
Neha Gupta,+91 9862937370,neha.gupta103@yahoo.com,"Nov 27, 2026",Sarjapur Plots,Good lead follow up,Alternate email: another@example.com
John Gupta,+91 9136465819,john.gupta104@yahoo.com,46201,Sarjapur Plots,bad lead,Please call after 5 PM
Rajesh Kumar,+91 9275171277,rajesh.kumar105@example.com,46201,Sarjapur Plots,did not connect,
Amit Rao,+91 9783993591,amit.rao106@startup.io,46201,Meridian Tower,did not connect,Alternate email: another@example.com
Sneha Rao,+91 9056845376,sneha.rao107@yahoo.com,46201,Eden Park 2BHK,Good lead follow up,Requesting floor plan via WhatsApp
Karan Doe,+91 9247658094,karan.doe108@gmail.com,15/05/2026,Eden Park 2BHK,did not connect,Please call after 5 PM
Karan Kumar,+91 9419310536,karan.kumar109@yahoo.com,2026-01-28,Sarjapur Plots,bad lead,Please call after 5 PM
Deepika Rao,+91 9621456763,,46201,Varah Swamy Residency,,Please call after 5 PM
Rajesh Patel,+91 9337456076,rajesh.patel111@groweasy.ai,46201,Sarjapur Plots,,Please call after 5 PM
Sarah Rao,+91 9699949441,sarah.rao112@groweasy.ai,02/07/2026,Eden Park 3BHK,,Alternate email: another@example.com
Amit Singh,+91 9597980776,amit.singh113@outlook.com,46201,Varah Swamy Residency,sale done,Alternate email: another@example.com
Sarah Singh,+91 9998593360,sarah.singh114@gmail.com,19/05/2026,Eden Park 3BHK,did not connect,Looking for home loan support
Sarah Sharma,+91 9847153157,,06/10/2026,Eden Park 3BHK,sale done,Looking for home loan support
Priya Patel,+91 9692198830,priya.patel116@outlook.com,46201,Varah Swamy Residency,did not connect,Wants to visit the site this weekend
Sarah Reddy,+91 9744525366,sarah.reddy117@groweasy.ai,46201,Meridian Tower,did not connect,
Rohan Gupta,,rohan.gupta118@example.com,2026-10-24,Sarjapur Plots,Good lead follow up,Wants a higher floor
Sarah Johnson,+91 9880101428,sarah.johnson119@gmail.com,2026-04-24,Eden Park 2BHK,Good lead follow up,Looking for home loan support
Pooja Sharma,+91 9047197809,pooja.sharma120@example.com,"Nov 20, 2026",Eden Park 3BHK,did not connect,Please call after 5 PM
Karan Verma,+91 9282650167,karan.verma121@groweasy.ai,2026-09-19,Eden Park 2BHK,did not connect,Alternate email: another@example.com
John Nair,+91 9684978707,john.nair122@yahoo.com,19/01/2026,Sarjapur Plots,bad lead,Wants to visit the site this weekend
Sarah Rao,+91 9065329370,sarah.rao123@gmail.com,2026-02-20,Eden Park 2BHK,bad lead,Interested in a corner flat
Amit Chawla,+91 9562981199,amit.chawla124@outlook.com,28/04/2026,Varah Swamy Residency,Good lead follow up,Wants a higher floor
Priya Verma,+91 9851258928,,25/11/2026,Eden Park 3BHK,bad lead,Requesting floor plan via WhatsApp
Amit Johnson,+91 9345427091,amit.johnson126@groweasy.ai,46201,Eden Park 2BHK,Good lead follow up,Requesting floor plan via WhatsApp
Amit Sen,+91 9240453527,amit.sen127@yahoo.com,46201,Varah Swamy Residency,bad lead,
Rohan Reddy,+91 9236466092,rohan.reddy128@example.com,21/10/2026,Sarjapur Plots,bad lead,Please call after 5 PM
Vijay Nair,+91 9824830307,vijay.nair129@yahoo.com,"Sep 15, 2026",Eden Park 2BHK,bad lead,Wants a higher floor
Karan Johnson,+91 9252918528,karan.johnson130@example.com,2026-03-06,Varah Swamy Residency,bad lead,Interested in a corner flat
Rohan Singh,+91 9614399217,rohan.singh131@startup.io,46201,Eden Park 2BHK,sale done,Requesting floor plan via WhatsApp
Vijay Chawla,,vijay.chawla132@groweasy.ai,"Jul 21, 2026",Eden Park 2BHK,Good lead follow up,Please call after 5 PM
Rahul Reddy,+91 9955989281,rahul.reddy133@gmail.com,"Jul 13, 2026",Varah Swamy Residency,,Requesting floor plan via WhatsApp
Anjali Mehta,+91 9697625873,anjali.mehta134@yahoo.com,46201,Eden Park 3BHK,sale done,Requesting floor plan via WhatsApp
Rohan Gupta,+91 9237637532,rohan.gupta135@outlook.com,"Aug 22, 2026",Sarjapur Plots,Good lead follow up,
Deepika Nair,+91 9877548773,deepika.nair136@startup.io,12/12/2026,Meridian Tower,did not connect,
Sneha Singh,+91 9351210673,sneha.singh137@yahoo.com,"Jun 19, 2026",Varah Swamy Residency,sale done,Please call after 5 PM
Rajesh Johnson,+91 9304038302,rajesh.johnson138@startup.io,2026-07-06,Eden Park 3BHK,Good lead follow up,Wants to visit the site this weekend
Pooja Nair,+91 9048594112,pooja.nair139@example.com,26/09/2026,Meridian Tower,did not connect,Interested in a corner flat
Amit Joshi,+91 9786650391,amit.joshi140@startup.io,46201,Varah Swamy Residency,did not connect,Wants to visit the site this weekend
Rohan Johnson,+91 9630813856,rohan.johnson141@example.com,2026-08-07,Eden Park 2BHK,did not connect,Wants to visit the site this weekend
Sarah Sharma,+91 9568187331,sarah.sharma142@groweasy.ai,46201,Sarjapur Plots,sale done,Please call after 5 PM
Amit Reddy,+91 9790558887,amit.reddy143@outlook.com,46201,Eden Park 3BHK,bad lead,Looking for home loan support
Anjali Chawla,+91 9149583462,anjali.chawla144@gmail.com,2026-06-04,Meridian Tower,,Alternate email: another@example.com
Deepika Singh,+91 9688317441,,22/07/2026,Sarjapur Plots,did not connect,Please call after 5 PM
John Rao,+91 9028920849,john.rao146@gmail.com,"May 28, 2026",Meridian Tower,bad lead,Wants to visit the site this weekend
Rohan Kumar,+91 9823629422,rohan.kumar147@groweasy.ai,2026-10-28,Eden Park 3BHK,sale done,Looking for home loan support
John Rao,+91 9134709006,john.rao148@yahoo.com,26/10/2026,Eden Park 2BHK,Good lead follow up,Alternate email: another@example.com
Rajesh Reddy,+91 9826214433,rajesh.reddy149@outlook.com,"May 14, 2026",Eden Park 2BHK,,Interested in a corner flat
Deepika Sen,+91 9488240618,deepika.sen150@example.com,2026-06-18,Eden Park 2BHK,bad lead,Wants a higher floor
Rajesh Chawla,+91 9914724359,rajesh.chawla151@startup.io,"Aug 03, 2026",Eden Park 3BHK,did not connect,
Vikram Patel,,vikram.patel152@groweasy.ai,"May 06, 2026",Varah Swamy Residency,,Alternate email: another@example.com
Karan Chawla,+91 9102292220,karan.chawla153@outlook.com,46201,Eden Park 2BHK,Good lead follow up,Wants a higher floor
Vijay Verma,+91 9179957416,vijay.verma154@yahoo.com,"Jun 12, 2026",Varah Swamy Residency,,Please call after 5 PM
Sneha Reddy,+91 9935908479,sneha.reddy155@startup.io,"Oct 26, 2026",Eden Park 3BHK,Good lead follow up,Please call after 5 PM
Vikram Johnson,+91 9949225738,vikram.johnson156@example.com,46201,Eden Park 3BHK,did not connect,Looking for home loan support
Amit Singh,,amit.singh157@startup.io,2026-09-27,Varah Swamy Residency,bad lead,
Priya Reddy,+91 9495271440,priya.reddy158@yahoo.com,09/11/2026,Sarjapur Plots,sale done,
Sneha Singh,+91 9732922181,sneha.singh159@startup.io,46201,Varah Swamy Residency,Good lead follow up,Alternate email: another@example.com
Rahul Kumar,+91 9368146945,rahul.kumar160@outlook.com,46201,Varah Swamy Residency,did not connect,Wants a higher floor
Karan Singh,+91 9167989959,karan.singh161@example.com,46201,Varah Swamy Residency,sale done,Wants a higher floor
Neha Kumar,+91 9053864482,neha.kumar162@groweasy.ai,2026-12-12,Eden Park 3BHK,sale done,Alternate email: another@example.com
Amit Joshi,+91 9772070720,amit.joshi163@gmail.com,"Mar 25, 2026",Meridian Tower,bad lead,Alternate email: another@example.com
Deepika Joshi,+91 9163066419,deepika.joshi164@yahoo.com,28/02/2026,Sarjapur Plots,did not connect,Wants a higher floor
Deepika Kumar,+91 9217726892,deepika.kumar165@gmail.com,12/10/2026,Sarjapur Plots,did not connect,Requesting floor plan via WhatsApp
Pooja Singh,+91 9550243041,pooja.singh166@yahoo.com,"Apr 27, 2026",Eden Park 3BHK,sale done,Please call after 5 PM
Karan Sharma,+91 9204643508,karan.sharma167@startup.io,46201,Sarjapur Plots,did not connect,Wants a higher floor
Pooja Gupta,+91 9233747899,pooja.gupta168@startup.io,46201,Meridian Tower,sale done,Please call after 5 PM
Amit Doe,+91 9022212068,amit.doe169@outlook.com,2026-10-26,Sarjapur Plots,Good lead follow up,Please call after 5 PM
Anjali Sharma,+91 9903429338,anjali.sharma170@startup.io,46201,Sarjapur Plots,Good lead follow up,Wants a higher floor
John Sen,+91 9939369364,john.sen171@gmail.com,"May 28, 2026",Varah Swamy Residency,did not connect,Wants to visit the site this weekend
Rajesh Chawla,+91 9308522002,rajesh.chawla172@startup.io,2026-12-20,Eden Park 3BHK,,Wants a higher floor
Sneha Gupta,+91 9605004006,sneha.gupta173@groweasy.ai,21/08/2026,Eden Park 2BHK,did not connect,Looking for home loan support
Sneha Singh,+91 9968748175,sneha.singh174@gmail.com,2026-04-28,Meridian Tower,Good lead follow up,Looking for home loan support
Sneha Sen,+91 9701709094,sneha.sen175@groweasy.ai,17/10/2026,Eden Park 3BHK,bad lead,Interested in a corner flat
Sneha Gupta,+91 9167665000,sneha.gupta176@yahoo.com,2026-09-02,Sarjapur Plots,Good lead follow up,Requesting floor plan via WhatsApp
Sarah Sharma,+91 9427324748,sarah.sharma177@outlook.com,2026-03-03,Meridian Tower,did not connect,Interested in a corner flat
Rajesh Singh,+91 9527274207,rajesh.singh178@groweasy.ai,46201,Eden Park 3BHK,sale done,Wants a higher floor
Rohan Joshi,+91 9915740833,rohan.joshi179@startup.io,03/07/2026,Sarjapur Plots,did not connect,Requesting floor plan via WhatsApp
Pooja Sen,+91 9838106750,pooja.sen180@startup.io,46201,Eden Park 2BHK,,Requesting floor plan via WhatsApp
Rahul Singh,+91 9960905391,rahul.singh181@outlook.com,25/05/2026,Meridian Tower,Good lead follow up,
Anjali Gupta,+91 9737489439,anjali.gupta182@startup.io,"Dec 22, 2026",Eden Park 2BHK,sale done,
Sneha Rao,+91 9809805455,sneha.rao183@groweasy.ai,"Oct 11, 2026",Sarjapur Plots,,Please call after 5 PM
Sneha Rao,+91 9724006873,sneha.rao184@outlook.com,23/02/2026,Eden Park 3BHK,did not connect,Wants a higher floor
Neha Kumar,+91 9145984647,neha.kumar185@outlook.com,"Sep 27, 2026",Meridian Tower,,Please call after 5 PM
Rajesh Johnson,+91 9069995195,rajesh.johnson186@yahoo.com,"Aug 03, 2026",Eden Park 2BHK,did not connect,Looking for home loan support
Deepika Mehta,+91 9358872214,deepika.mehta187@yahoo.com,"Oct 27, 2026",Meridian Tower,bad lead,Wants to visit the site this weekend
Rohan Mehta,+91 9417536347,rohan.mehta188@gmail.com,2026-05-01,Varah Swamy Residency,bad lead,
Rohan Nair,+91 9202413082,rohan.nair189@outlook.com,21/11/2026,Eden Park 3BHK,,Please call after 5 PM
Sneha Reddy,+91 9493386035,sneha.reddy190@example.com,"May 19, 2026",Meridian Tower,sale done,Requesting floor plan via WhatsApp
Rajesh Sen,+91 9693539487,rajesh.sen191@yahoo.com,28/01/2026,Eden Park 3BHK,,Looking for home loan support
Rohan Sharma,+91 9835869817,rohan.sharma192@yahoo.com,2026-12-04,Meridian Tower,bad lead,Looking for home loan support
Deepika Kumar,+91 9751907190,deepika.kumar193@outlook.com,46201,Sarjapur Plots,,Interested in a corner flat
Rajesh Johnson,+91 9228017671,rajesh.johnson194@yahoo.com,21/10/2026,Varah Swamy Residency,sale done,Requesting floor plan via WhatsApp
Deepika Johnson,+91 9468307467,deepika.johnson195@gmail.com,"May 15, 2026",Eden Park 3BHK,did not connect,Wants a higher floor
Priya Doe,+91 9016402706,,18/03/2026,Sarjapur Plots,sale done,Looking for home loan support
Priya Nair,+91 9780862482,priya.nair197@gmail.com,46201,Eden Park 3BHK,,
Sarah Doe,,sarah.doe198@example.com,46201,Sarjapur Plots,bad lead,Wants to visit the site this weekend
Deepika Verma,+91 9128030411,deepika.verma199@gmail.com,2026-12-09,Eden Park 3BHK,bad lead,
Anjali Doe,+91 9239406881,anjali.doe200@gmail.com,46201,Eden Park 2BHK,,Please call after 5 PM
John Nair,+91 9762808115,john.nair201@groweasy.ai,15/12/2026,Eden Park 2BHK,Good lead follow up,Looking for home loan support
Amit Mehta,+91 9631046496,amit.mehta202@yahoo.com,46201,Varah Swamy Residency,sale done,
Pooja Patel,+91 9736001786,pooja.patel203@startup.io,"Feb 01, 2026",Meridian Tower,did not connect,Requesting floor plan via WhatsApp
Amit Doe,+91 9399762296,amit.doe204@outlook.com,16/05/2026,Varah Swamy Residency,bad lead,Requesting floor plan via WhatsApp
Rohan Rao,+91 9700093376,rohan.rao205@example.com,"Apr 10, 2026",Varah Swamy Residency,bad lead,Alternate email: another@example.com
Amit Sen,+91 9908244176,amit.sen206@outlook.com,07/01/2026,Eden Park 3BHK,Good lead follow up,Alternate email: another@example.com
Pooja Kumar,+91 9161365343,pooja.kumar207@gmail.com,2026-07-02,Varah Swamy Residency,bad lead,
Neha Doe,+91 9962757074,neha.doe208@groweasy.ai,"Aug 05, 2026",Varah Swamy Residency,sale done,Wants a higher floor
Karan Verma,+91 9228254150,karan.verma209@outlook.com,"Dec 14, 2026",Eden Park 3BHK,,Requesting floor plan via WhatsApp
Karan Singh,,karan.singh210@example.com,2026-03-16,Eden Park 3BHK,did not connect,
Amit Rao,+91 9894070712,amit.rao211@groweasy.ai,2026-06-06,Eden Park 2BHK,did not connect,
Deepika Reddy,+91 9860645438,deepika.reddy212@yahoo.com,"Oct 17, 2026",Varah Swamy Residency,sale done,Looking for home loan support
Pooja Sen,+91 9011508790,pooja.sen213@startup.io,46201,Varah Swamy Residency,did not connect,
Karan Reddy,+91 9714781397,,46201,Meridian Tower,did not connect,Please call after 5 PM
Karan Rao,+91 9989476220,karan.rao215@gmail.com,46201,Eden Park 3BHK,,Looking for home loan support
Deepika Mehta,,deepika.mehta216@groweasy.ai,46201,Sarjapur Plots,bad lead,Alternate email: another@example.com
Sarah Doe,+91 9566750300,sarah.doe217@yahoo.com,2026-10-23,Eden Park 3BHK,sale done,Wants a higher floor
Sneha Sharma,+91 9018857279,sneha.sharma218@outlook.com,2026-07-13,Sarjapur Plots,Good lead follow up,Requesting floor plan via WhatsApp
Karan Gupta,+91 9241534886,karan.gupta219@groweasy.ai,"Jul 20, 2026",Varah Swamy Residency,sale done,Please call after 5 PM
Anjali Reddy,+91 9406217429,anjali.reddy220@gmail.com,46201,Meridian Tower,sale done,Alternate email: another@example.com
John Nair,+91 9826810389,john.nair221@gmail.com,2026-06-27,Sarjapur Plots,,Requesting floor plan via WhatsApp
Neha Doe,+91 9324062332,neha.doe222@startup.io,"Aug 28, 2026",Sarjapur Plots,Good lead follow up,Wants to visit the site this weekend
Deepika Doe,+91 9125324521,deepika.doe223@gmail.com,"Oct 18, 2026",Sarjapur Plots,sale done,Requesting floor plan via WhatsApp
Rahul Doe,+91 9931089552,rahul.doe224@groweasy.ai,2026-10-10,Eden Park 2BHK,sale done,Requesting floor plan via WhatsApp
Rajesh Kumar,+91 9289442647,rajesh.kumar225@outlook.com,2026-06-11,Eden Park 2BHK,bad lead,Alternate email: another@example.com
Rajesh Nair,+91 9946853426,rajesh.nair226@example.com,"Aug 27, 2026",Varah Swamy Residency,did not connect,Interested in a corner flat
Anjali Joshi,+91 9783632857,anjali.joshi227@gmail.com,2026-03-24,Sarjapur Plots,Good lead follow up,Wants to visit the site this weekend
Sneha Johnson,,sneha.johnson228@startup.io,2026-05-19,Varah Swamy Residency,did not connect,Alternate email: another@example.com
Sarah Doe,+91 9359850168,sarah.doe229@gmail.com,46201,Meridian Tower,did not connect,Interested in a corner flat
Pooja Nair,+91 9388136916,,"Feb 12, 2026",Eden Park 2BHK,,
Deepika Singh,+91 9956940052,deepika.singh231@gmail.com,27/08/2026,Eden Park 2BHK,Good lead follow up,Interested in a corner flat
Deepika Sharma,+91 9292421582,deepika.sharma232@groweasy.ai,07/07/2026,Eden Park 2BHK,,Looking for home loan support
Amit Verma,+91 9615851159,amit.verma233@startup.io,11/12/2026,Eden Park 3BHK,bad lead,
Sneha Gupta,+91 9133904027,sneha.gupta234@groweasy.ai,"Apr 11, 2026",Meridian Tower,sale done,
John Joshi,+91 9906010918,john.joshi235@outlook.com,2026-03-02,Meridian Tower,Good lead follow up,Wants a higher floor
Deepika Reddy,+91 9862424558,deepika.reddy236@yahoo.com,46201,Eden Park 3BHK,did not connect,Interested in a corner flat
Vijay Reddy,+91 9839477181,vijay.reddy237@outlook.com,2026-08-17,Meridian Tower,,
Rahul Sen,+91 9329092227,rahul.sen238@outlook.com,46201,Eden Park 2BHK,bad lead,Please call after 5 PM
Anjali Gupta,+91 9324334641,anjali.gupta239@example.com,2026-06-07,Meridian Tower,sale done,Wants to visit the site this weekend
Anjali Patel,+91 9339237350,anjali.patel240@outlook.com,46201,Sarjapur Plots,,Wants to visit the site this weekend
Vikram Joshi,+91 9146395586,vikram.joshi241@outlook.com,15/10/2026,Meridian Tower,sale done,Wants a higher floor
Sneha Kumar,+91 9778082017,sneha.kumar242@outlook.com,2026-05-21,Varah Swamy Residency,,Wants to visit the site this weekend
Sarah Verma,+91 9730543312,sarah.verma243@example.com,"Apr 20, 2026",Varah Swamy Residency,bad lead,Wants a higher floor
Anjali Rao,+91 9793239584,anjali.rao244@startup.io,46201,Sarjapur Plots,did not connect,Wants to visit the site this weekend
Anjali Chawla,+91 9986480985,anjali.chawla245@outlook.com,02/10/2026,Varah Swamy Residency,,Wants to visit the site this weekend
Sarah Nair,+91 9863161779,sarah.nair246@yahoo.com,46201,Varah Swamy Residency,Good lead follow up,Requesting floor plan via WhatsApp
John Johnson,+91 9537252627,john.johnson247@gmail.com,"Feb 23, 2026",Eden Park 2BHK,bad lead,Please call after 5 PM
Sarah Chawla,+91 9402737659,sarah.chawla248@startup.io,2026-02-01,Eden Park 3BHK,sale done,Please call after 5 PM
Anjali Singh,+91 9516102729,anjali.singh249@outlook.com,46201,Eden Park 3BHK,sale done,Wants to visit the site this weekend
Vikram Mehta,+91 9939701914,vikram.mehta250@example.com,2026-08-18,Eden Park 2BHK,sale done,Please call after 5 PM
Vijay Nair,+91 9699529311,vijay.nair251@groweasy.ai,16/02/2026,Sarjapur Plots,Good lead follow up,Please call after 5 PM
Karan Johnson,+91 9346805503,karan.johnson252@example.com,"Sep 03, 2026",Eden Park 3BHK,bad lead,Interested in a corner flat
Deepika Gupta,+91 9165260653,deepika.gupta253@gmail.com,46201,Eden Park 3BHK,did not connect,Looking for home loan support
Vijay Johnson,+91 9442776393,vijay.johnson254@example.com,05/12/2026,Varah Swamy Residency,,Looking for home loan support
Vikram Joshi,+91 9501595024,vikram.joshi255@outlook.com,"Jan 26, 2026",Sarjapur Plots,did not connect,Alternate email: another@example.com
Pooja Sen,+91 9333492479,pooja.sen256@example.com,46201,Eden Park 3BHK,did not connect,
Neha Nair,+91 9768149689,neha.nair257@groweasy.ai,46201,Eden Park 2BHK,bad lead,Looking for home loan support
Amit Reddy,+91 9589210274,amit.reddy258@groweasy.ai,"May 21, 2026",Meridian Tower,Good lead follow up,
Sarah Nair,+91 9211814950,sarah.nair259@yahoo.com,"Jul 12, 2026",Varah Swamy Residency,bad lead,Wants a higher floor
Priya Rao,+91 9725404095,priya.rao260@gmail.com,2026-04-12,Meridian Tower,,Please call after 5 PM
Pooja Sharma,+91 9379257024,pooja.sharma261@startup.io,2026-09-03,Meridian Tower,did not connect,Wants to visit the site this weekend
Sarah Sharma,+91 9593624086,sarah.sharma262@groweasy.ai,15/01/2026,Sarjapur Plots,did not connect,Please call after 5 PM
Pooja Chawla,+91 9061229471,pooja.chawla263@gmail.com,21/02/2026,Varah Swamy Residency,did not connect,Alternate email: another@example.com
Pooja Kumar,+91 9231912233,pooja.kumar264@groweasy.ai,15/12/2026,Eden Park 2BHK,Good lead follow up,Wants a higher floor
John Reddy,,john.reddy265@gmail.com,46201,Eden Park 2BHK,bad lead,Requesting floor plan via WhatsApp
Sarah Kumar,+91 9442488859,sarah.kumar266@startup.io,46201,Eden Park 3BHK,sale done,
Pooja Sen,+91 9221690449,pooja.sen267@outlook.com,2026-01-23,Meridian Tower,did not connect,Looking for home loan support
Deepika Joshi,+91 9928131106,deepika.joshi268@startup.io,2026-01-17,Varah Swamy Residency,sale done,Interested in a corner flat
Pooja Mehta,+91 9593488374,pooja.mehta269@startup.io,46201,Eden Park 2BHK,did not connect,
Pooja Kumar,+91 9648429512,pooja.kumar270@outlook.com,2026-11-14,Eden Park 2BHK,Good lead follow up,Interested in a corner flat
Sarah Joshi,+91 9542730890,sarah.joshi271@groweasy.ai,25/07/2026,Varah Swamy Residency,,Interested in a corner flat
Vijay Sen,+91 9600778711,vijay.sen272@gmail.com,2026-01-18,Eden Park 3BHK,did not connect,
Deepika Doe,+91 9129864920,deepika.doe273@startup.io,"Mar 04, 2026",Varah Swamy Residency,did not connect,Alternate email: another@example.com
Priya Chawla,+91 9426781248,priya.chawla274@example.com,46201,Sarjapur Plots,Good lead follow up,Requesting floor plan via WhatsApp
Karan Sharma,+91 9225922748,karan.sharma275@groweasy.ai,46201,Varah Swamy Residency,sale done,Wants a higher floor
Neha Chawla,+91 9296608329,neha.chawla276@groweasy.ai,46201,Sarjapur Plots,,Wants a higher floor
Rahul Mehta,+91 9950313730,rahul.mehta277@yahoo.com,2026-10-06,Varah Swamy Residency,Good lead follow up,Looking for home loan support
Amit Doe,+91 9800069092,amit.doe278@outlook.com,"Jul 21, 2026",Varah Swamy Residency,,Interested in a corner flat
John Doe,+91 9106803637,john.doe279@groweasy.ai,"Mar 28, 2026",Eden Park 2BHK,Good lead follow up,
Sneha Kumar,+91 9766106225,sneha.kumar280@example.com,24/10/2026,Sarjapur Plots,Good lead follow up,Please call after 5 PM
Anjali Mehta,+91 9760705761,anjali.mehta281@outlook.com,46201,Varah Swamy Residency,sale done,Please call after 5 PM
John Gupta,+91 9091253783,john.gupta282@startup.io,"Jun 04, 2026",Eden Park 2BHK,,Alternate email: another@example.com
Anjali Kumar,+91 9440332698,anjali.kumar283@groweasy.ai,2026-09-26,Sarjapur Plots,bad lead,
Neha Patel,+91 9242948024,neha.patel284@outlook.com,23/09/2026,Varah Swamy Residency,bad lead,
Sarah Nair,+91 9511518106,sarah.nair285@outlook.com,12/06/2026,Eden Park 2BHK,bad lead,Requesting floor plan via WhatsApp
Vijay Singh,+91 9501296913,vijay.singh286@groweasy.ai,15/07/2026,Sarjapur Plots,Good lead follow up,Wants a higher floor
Karan Kumar,+91 9278458079,karan.kumar287@example.com,16/08/2026,Sarjapur Plots,sale done,Please call after 5 PM
Rajesh Singh,+91 9200614584,rajesh.singh288@example.com,2026-04-15,Varah Swamy Residency,bad lead,Please call after 5 PM
Karan Chawla,+91 9556247075,karan.chawla289@yahoo.com,06/03/2026,Sarjapur Plots,sale done,Requesting floor plan via WhatsApp
Rahul Johnson,+91 9222783523,rahul.johnson290@startup.io,2026-04-08,Varah Swamy Residency,bad lead,
Amit Joshi,+91 9463379835,amit.joshi291@yahoo.com,46201,Eden Park 3BHK,bad lead,Looking for home loan support
Sarah Patel,+91 9605895876,sarah.patel292@outlook.com,46201,Varah Swamy Residency,did not connect,Looking for home loan support
Sarah Mehta,+91 9218383577,sarah.mehta293@yahoo.com,22/11/2026,Meridian Tower,,Alternate email: another@example.com
Karan Patel,+91 9316318227,karan.patel294@groweasy.ai,2026-01-16,Varah Swamy Residency,Good lead follow up,Wants a higher floor
Vijay Mehta,+91 9329164177,vijay.mehta295@yahoo.com,"Feb 07, 2026",Varah Swamy Residency,sale done,
Priya Doe,+91 9717847158,priya.doe296@example.com,23/12/2026,Meridian Tower,bad lead,Wants to visit the site this weekend
Vikram Johnson,+91 9258080898,vikram.johnson297@yahoo.com,23/05/2026,Sarjapur Plots,sale done,Wants to visit the site this weekend
Neha Johnson,+91 9066453489,neha.johnson298@outlook.com,03/02/2026,Eden Park 3BHK,did not connect,Wants to visit the site this weekend
Vikram Nair,+91 9348907924,vikram.nair299@gmail.com,"Apr 16, 2026",Meridian Tower,did not connect,Please call after 5 PM
John Joshi,+91 9820797552,john.joshi300@example.com,"Mar 24, 2026",Eden Park 3BHK,Good lead follow up,Requesting floor plan via WhatsApp
Deepika Patel,+91 9372159308,deepika.patel301@startup.io,"Sep 16, 2026",Varah Swamy Residency,bad lead,Interested in a corner flat
Pooja Patel,+91 9515593964,pooja.patel302@startup.io,25/05/2026,Meridian Tower,sale done,Please call after 5 PM
Karan Mehta,+91 9129276410,karan.mehta303@yahoo.com,"Jul 19, 2026",Eden Park 2BHK,Good lead follow up,Wants to visit the site this weekend
Neha Chawla,+91 9935114777,neha.chawla304@outlook.com,21/10/2026,Sarjapur Plots,Good lead follow up,Wants to visit the site this weekend
Neha Reddy,+91 9085172185,neha.reddy305@outlook.com,46201,Eden Park 2BHK,bad lead,Requesting floor plan via WhatsApp
Sneha Sen,+91 9250904829,sneha.sen306@outlook.com,24/12/2026,Sarjapur Plots,did not connect,Looking for home loan support
Karan Singh,+91 9030487523,karan.singh307@yahoo.com,2026-10-10,Meridian Tower,did not connect,
Anjali Chawla,+91 9146811307,anjali.chawla308@yahoo.com,2026-10-19,Varah Swamy Residency,sale done,Interested in a corner flat
John Sharma,+91 9355792425,john.sharma309@outlook.com,07/06/2026,Eden Park 3BHK,bad lead,Requesting floor plan via WhatsApp
Anjali Patel,+91 9989042396,anjali.patel310@yahoo.com,17/06/2026,Eden Park 3BHK,Good lead follow up,Requesting floor plan via WhatsApp
Priya Kumar,+91 9620525989,priya.kumar311@outlook.com,2026-09-13,Varah Swamy Residency,sale done,Requesting floor plan via WhatsApp
Priya Reddy,+91 9884522825,priya.reddy312@groweasy.ai,2026-06-15,Eden Park 3BHK,,Interested in a corner flat
Priya Reddy,+91 9663627753,priya.reddy313@yahoo.com,2026-08-19,Eden Park 2BHK,Good lead follow up,Requesting floor plan via WhatsApp
Neha Reddy,+91 9692458490,neha.reddy314@yahoo.com,04/09/2026,Meridian Tower,,Looking for home loan support
Karan Verma,+91 9511541070,karan.verma315@example.com,46201,Sarjapur Plots,,Wants a higher floor
Sneha Gupta,+91 9668394567,sneha.gupta316@outlook.com,28/10/2026,Varah Swamy Residency,,Alternate email: another@example.com
Karan Reddy,+91 9429105230,karan.reddy317@example.com,2026-08-12,Eden Park 3BHK,did not connect,Please call after 5 PM
Pooja Reddy,+91 9255239916,pooja.reddy318@gmail.com,46201,Sarjapur Plots,,Wants a higher floor
Karan Rao,+91 9660334278,karan.rao319@example.com,"Jun 28, 2026",Eden Park 3BHK,did not connect,Looking for home loan support
Pooja Doe,,pooja.doe320@yahoo.com,2026-07-09,Sarjapur Plots,sale done,Looking for home loan support
Vijay Kumar,+91 9933756144,vijay.kumar321@gmail.com,"Jul 20, 2026",Varah Swamy Residency,sale done,Looking for home loan support
Rajesh Reddy,+91 9253813839,rajesh.reddy322@outlook.com,2026-12-24,Varah Swamy Residency,,Requesting floor plan via WhatsApp
Rahul Gupta,+91 9513438116,rahul.gupta323@groweasy.ai,13/02/2026,Varah Swamy Residency,,Requesting floor plan via WhatsApp
Vijay Mehta,+91 9537216710,vijay.mehta324@yahoo.com,46201,Eden Park 2BHK,sale done,Requesting floor plan via WhatsApp
Amit Singh,+91 9444511388,amit.singh325@startup.io,26/04/2026,Meridian Tower,did not connect,Looking for home loan support
Anjali Reddy,+91 9180123932,anjali.reddy326@yahoo.com,24/07/2026,Varah Swamy Residency,bad lead,
Pooja Sharma,+91 9277620152,pooja.sharma327@example.com,"Nov 04, 2026",Meridian Tower,bad lead,Alternate email: another@example.com
John Sharma,+91 9299025755,john.sharma328@outlook.com,46201,Sarjapur Plots,sale done,Wants a higher floor
John Rao,+91 9203332642,john.rao329@gmail.com,46201,Varah Swamy Residency,did not connect,Wants to visit the site this weekend
Sneha Kumar,+91 9631867050,sneha.kumar330@startup.io,03/02/2026,Sarjapur Plots,Good lead follow up,Looking for home loan support
Rajesh Patel,+91 9575330635,rajesh.patel331@gmail.com,2026-08-26,Sarjapur Plots,sale done,Requesting floor plan via WhatsApp
Neha Mehta,+91 9506414975,neha.mehta332@yahoo.com,10/07/2026,Sarjapur Plots,Good lead follow up,
Neha Chawla,+91 9237708638,neha.chawla333@example.com,"Oct 26, 2026",Varah Swamy Residency,,Requesting floor plan via WhatsApp
John Verma,+91 9493025266,john.verma334@groweasy.ai,2026-02-24,Eden Park 2BHK,sale done,Wants to visit the site this weekend
Rajesh Johnson,+91 9420658733,rajesh.johnson335@yahoo.com,"Jan 06, 2026",Sarjapur Plots,Good lead follow up,Alternate email: another@example.com
Rahul Reddy,+91 9404312367,rahul.reddy336@groweasy.ai,2026-09-16,Eden Park 3BHK,Good lead follow up,Wants to visit the site this weekend
Vijay Singh,+91 9755131825,vijay.singh337@outlook.com,23/02/2026,Sarjapur Plots,did not connect,
Rahul Mehta,+91 9025823456,rahul.mehta338@outlook.com,46201,Eden Park 3BHK,Good lead follow up,Please call after 5 PM
Rahul Reddy,+91 9521660118,rahul.reddy339@outlook.com,19/01/2026,Meridian Tower,bad lead,Looking for home loan support
Priya Joshi,+91 9252184867,priya.joshi340@outlook.com,2026-01-08,Eden Park 3BHK,Good lead follow up,
Anjali Johnson,+91 9800592612,anjali.johnson341@gmail.com,2026-06-18,Eden Park 3BHK,did not connect,Wants to visit the site this weekend
Anjali Chawla,+91 9131773240,anjali.chawla342@startup.io,2026-04-02,Varah Swamy Residency,Good lead follow up,
Sarah Patel,+91 9458916475,sarah.patel343@groweasy.ai,"Oct 12, 2026",Varah Swamy Residency,sale done,Alternate email: another@example.com
Rahul Gupta,+91 9748191152,rahul.gupta344@yahoo.com,"Dec 01, 2026",Meridian Tower,bad lead,Wants to visit the site this weekend
Rohan Johnson,+91 9487014130,rohan.johnson345@startup.io,2026-08-04,Eden Park 3BHK,sale done,Wants a higher floor
John Johnson,+91 9302378075,john.johnson346@example.com,"Jun 09, 2026",Eden Park 2BHK,bad lead,Wants to visit the site this weekend
Karan Rao,+91 9925662486,karan.rao347@yahoo.com,01/04/2026,Eden Park 2BHK,sale done,Wants to visit the site this weekend
Rajesh Rao,,rajesh.rao348@outlook.com,24/03/2026,Varah Swamy Residency,bad lead,Requesting floor plan via WhatsApp
Anjali Gupta,+91 9517692420,anjali.gupta349@outlook.com,2026-05-22,Eden Park 3BHK,,Requesting floor plan via WhatsApp
Rajesh Joshi,+91 9335294468,rajesh.joshi350@groweasy.ai,46201,Varah Swamy Residency,sale done,Requesting floor plan via WhatsApp
Karan Doe,,karan.doe351@gmail.com,46201,Eden Park 2BHK,did not connect,Wants a higher floor
Amit Reddy,+91 9345740104,amit.reddy352@groweasy.ai,46201,Sarjapur Plots,,Wants to visit the site this weekend
Priya Johnson,+91 9808327184,priya.johnson353@outlook.com,"Oct 08, 2026",Eden Park 2BHK,,Wants a higher floor
Sarah Singh,+91 9308723021,sarah.singh354@startup.io,2026-11-24,Eden Park 2BHK,,Interested in a corner flat
Anjali Patel,+91 9705608314,anjali.patel355@outlook.com,2026-05-25,Meridian Tower,,Please call after 5 PM
Rajesh Johnson,+91 9779333234,rajesh.johnson356@groweasy.ai,06/03/2026,Varah Swamy Residency,Good lead follow up,Interested in a corner flat
Deepika Gupta,+91 9495805879,,46201,Varah Swamy Residency,did not connect,
Priya Sen,+91 9626411711,priya.sen358@outlook.com,"Jun 22, 2026",Eden Park 3BHK,sale done,Requesting floor plan via WhatsApp
John Doe,+91 9878969792,john.doe359@startup.io,"Sep 06, 2026",Meridian Tower,did not connect,Interested in a corner flat
Pooja Rao,+91 9110972187,pooja.rao360@example.com,05/06/2026,Meridian Tower,,Alternate email: another@example.com
Rajesh Reddy,+91 9089422481,rajesh.reddy361@outlook.com,46201,Eden Park 3BHK,did not connect,Please call after 5 PM
Vijay Rao,+91 9807560196,vijay.rao362@example.com,13/04/2026,Eden Park 2BHK,bad lead,Wants to visit the site this weekend
Amit Joshi,+91 9419611446,amit.joshi363@groweasy.ai,2026-01-27,Eden Park 3BHK,sale done,
Rajesh Sharma,+91 9778672010,rajesh.sharma364@startup.io,"Nov 01, 2026",Varah Swamy Residency,,
John Nair,+91 9129855325,john.nair365@groweasy.ai,46201,Eden Park 2BHK,did not connect,Wants to visit the site this weekend
Sarah Verma,+91 9100027149,sarah.verma366@startup.io,14/01/2026,Eden Park 2BHK,sale done,Alternate email: another@example.com
Sarah Verma,+91 9070478831,,46201,Eden Park 3BHK,,Looking for home loan support
Sarah Sharma,+91 9410458966,,2026-09-01,Sarjapur Plots,sale done,Wants a higher floor
Sneha Johnson,+91 9857429473,sneha.johnson369@groweasy.ai,46201,Sarjapur Plots,sale done,Wants a higher floor
Priya Johnson,+91 9087740878,priya.johnson370@example.com,2026-02-08,Meridian Tower,Good lead follow up,Wants to visit the site this weekend
Sarah Reddy,+91 9767775639,sarah.reddy371@groweasy.ai,"Feb 06, 2026",Eden Park 2BHK,did not connect,Looking for home loan support
Vijay Chawla,+91 9241750513,vijay.chawla372@startup.io,17/08/2026,Meridian Tower,bad lead,Alternate email: another@example.com
Priya Joshi,+91 9201179253,priya.joshi373@outlook.com,46201,Eden Park 3BHK,,
Neha Doe,+91 9659344452,neha.doe374@yahoo.com,2026-09-16,Meridian Tower,did not connect,Wants a higher floor
Sneha Johnson,+91 9094137122,sneha.johnson375@startup.io,46201,Varah Swamy Residency,did not connect,Requesting floor plan via WhatsApp
Pooja Kumar,+91 9156563571,pooja.kumar376@example.com,"Jan 27, 2026",Sarjapur Plots,bad lead,Interested in a corner flat
Amit Patel,+91 9999876066,amit.patel377@outlook.com,2026-10-02,Eden Park 2BHK,Good lead follow up,Please call after 5 PM
Rajesh Reddy,+91 9327880879,rajesh.reddy378@yahoo.com,2026-05-24,Varah Swamy Residency,,
Pooja Singh,+91 9038494196,pooja.singh379@outlook.com,"Aug 03, 2026",Eden Park 3BHK,did not connect,Requesting floor plan via WhatsApp
Amit Kumar,+91 9356311208,amit.kumar380@groweasy.ai,"Dec 06, 2026",Meridian Tower,Good lead follow up,Requesting floor plan via WhatsApp
John Johnson,+91 9414738331,john.johnson381@gmail.com,24/06/2026,Sarjapur Plots,did not connect,Requesting floor plan via WhatsApp
John Patel,+91 9633345845,john.patel382@groweasy.ai,2026-03-15,Eden Park 2BHK,sale done,Wants a higher floor
Amit Chawla,+91 9374181524,amit.chawla383@groweasy.ai,11/03/2026,Meridian Tower,sale done,
Deepika Sen,+91 9964964289,deepika.sen384@yahoo.com,46201,Varah Swamy Residency,Good lead follow up,Please call after 5 PM
Sarah Chawla,+91 9740136273,sarah.chawla385@startup.io,26/06/2026,Meridian Tower,,
Pooja Sen,+91 9143948427,pooja.sen386@gmail.com,46201,Sarjapur Plots,Good lead follow up,Please call after 5 PM
Priya Reddy,+91 9685569246,priya.reddy387@yahoo.com,04/03/2026,Varah Swamy Residency,did not connect,Wants to visit the site this weekend
Vikram Joshi,+91 9136210777,vikram.joshi388@example.com,01/07/2026,Sarjapur Plots,,Wants to visit the site this weekend
Sarah Reddy,+91 9483596871,sarah.reddy389@yahoo.com,46201,Eden Park 2BHK,,Requesting floor plan via WhatsApp
Sneha Joshi,+91 9744184584,sneha.joshi390@yahoo.com,46201,Meridian Tower,sale done,Looking for home loan support
Rohan Singh,+91 9878117189,rohan.singh391@outlook.com,"Jul 14, 2026",Eden Park 3BHK,,Wants a higher floor
Vikram Nair,+91 9370308720,vikram.nair392@example.com,2026-10-03,Sarjapur Plots,sale done,Please call after 5 PM
Vikram Johnson,+91 9241007050,vikram.johnson393@startup.io,"Jun 21, 2026",Eden Park 3BHK,did not connect,Looking for home loan support
Sarah Patel,+91 9581532957,sarah.patel394@gmail.com,2026-05-15,Eden Park 2BHK,did not connect,Wants to visit the site this weekend
Deepika Singh,+91 9039067545,deepika.singh395@outlook.com,"Jan 12, 2026",Varah Swamy Residency,,Wants a higher floor
Priya Mehta,+91 9810579795,priya.mehta396@startup.io,22/04/2026,Eden Park 3BHK,,Requesting floor plan via WhatsApp
John Verma,+91 9598572002,john.verma397@groweasy.ai,46201,Eden Park 3BHK,Good lead follow up,Alternate email: another@example.com
Amit Kumar,+91 9405717065,amit.kumar398@groweasy.ai,46201,Sarjapur Plots,bad lead,Please call after 5 PM
Deepika Sen,+91 9451648441,deepika.sen399@yahoo.com,2026-03-26,Varah Swamy Residency,bad lead,Wants a higher floor
John Mehta,+91 9297481549,john.mehta400@groweasy.ai,"Sep 28, 2026",Varah Swamy Residency,,
Priya Kumar,+91 9896851380,priya.kumar401@startup.io,46201,Meridian Tower,bad lead,Looking for home loan support
Rohan Verma,+91 9429176796,rohan.verma402@startup.io,21/05/2026,Sarjapur Plots,Good lead follow up,Looking for home loan support
Karan Reddy,+91 9490899641,karan.reddy403@outlook.com,2026-09-20,Varah Swamy Residency,bad lead,Wants a higher floor
Rohan Johnson,,rohan.johnson404@outlook.com,04/11/2026,Sarjapur Plots,Good lead follow up,
John Rao,+91 9941602465,john.rao405@groweasy.ai,22/10/2026,Varah Swamy Residency,bad lead,
Rahul Mehta,+91 9609091127,rahul.mehta406@yahoo.com,"Dec 03, 2026",Eden Park 3BHK,bad lead,Alternate email: another@example.com
Karan Chawla,+91 9743198679,karan.chawla407@groweasy.ai,2026-10-14,Sarjapur Plots,sale done,Looking for home loan support
Deepika Joshi,,deepika.joshi408@yahoo.com,2026-11-07,Meridian Tower,Good lead follow up,Looking for home loan support
Karan Sharma,+91 9034622457,karan.sharma409@yahoo.com,"Jan 28, 2026",Eden Park 3BHK,sale done,Wants to visit the site this weekend
Anjali Doe,+91 9013154740,anjali.doe410@startup.io,26/09/2026,Eden Park 3BHK,,Wants to visit the site this weekend
Sarah Gupta,+91 9616515739,sarah.gupta411@startup.io,2026-03-03,Sarjapur Plots,,Alternate email: another@example.com
John Doe,+91 9767035542,john.doe412@gmail.com,"Feb 24, 2026",Sarjapur Plots,bad lead,Requesting floor plan via WhatsApp
Pooja Chawla,+91 9249410006,pooja.chawla413@startup.io,46201,Meridian Tower,sale done,Alternate email: another@example.com
Vikram Doe,+91 9534932459,vikram.doe414@yahoo.com,22/09/2026,Varah Swamy Residency,Good lead follow up,Alternate email: another@example.com
Sneha Chawla,+91 9223208665,sneha.chawla415@yahoo.com,46201,Varah Swamy Residency,,Please call after 5 PM
Sneha Nair,+91 9160240665,sneha.nair416@gmail.com,2026-07-22,Varah Swamy Residency,did not connect,Alternate email: another@example.com
Neha Patel,+91 9862572356,neha.patel417@outlook.com,2026-12-28,Sarjapur Plots,did not connect,Please call after 5 PM
Rohan Kumar,+91 9707826664,rohan.kumar418@outlook.com,"Aug 10, 2026",Sarjapur Plots,Good lead follow up,Wants to visit the site this weekend
Pooja Nair,+91 9099337112,pooja.nair419@outlook.com,01/05/2026,Eden Park 2BHK,sale done,
Amit Gupta,+91 9602537786,amit.gupta420@groweasy.ai,2026-01-24,Eden Park 3BHK,sale done,Requesting floor plan via WhatsApp
Pooja Singh,+91 9152469576,pooja.singh421@startup.io,"Aug 13, 2026",Varah Swamy Residency,Good lead follow up,Looking for home loan support
Rajesh Sen,+91 9995697087,rajesh.sen422@outlook.com,46201,Eden Park 2BHK,bad lead,Looking for home loan support
Rahul Reddy,+91 9287477325,rahul.reddy423@groweasy.ai,46201,Sarjapur Plots,bad lead,Interested in a corner flat
Vikram Chawla,+91 9147836963,vikram.chawla424@startup.io,2026-04-07,Eden Park 2BHK,did not connect,Please call after 5 PM
Deepika Patel,+91 9994834810,deepika.patel425@yahoo.com,19/02/2026,Eden Park 3BHK,bad lead,Wants a higher floor
Sarah Kumar,+91 9443902898,sarah.kumar426@example.com,2026-03-20,Varah Swamy Residency,Good lead follow up,
Amit Mehta,+91 9528690904,amit.mehta427@gmail.com,46201,Eden Park 3BHK,,
Sarah Johnson,+91 9280967955,sarah.johnson428@startup.io,2026-02-14,Meridian Tower,did not connect,Alternate email: another@example.com
Rohan Johnson,+91 9603628289,rohan.johnson429@yahoo.com,"Aug 05, 2026",Varah Swamy Residency,Good lead follow up,Requesting floor plan via WhatsApp
Anjali Sharma,+91 9558098496,anjali.sharma430@startup.io,"Apr 13, 2026",Sarjapur Plots,,Wants a higher floor
Karan Mehta,+91 9551584024,,46201,Sarjapur Plots,Good lead follow up,Alternate email: another@example.com
Karan Johnson,+91 9161337374,karan.johnson432@outlook.com,01/03/2026,Eden Park 3BHK,,Wants to visit the site this weekend
Pooja Singh,+91 9702575422,,2026-10-16,Varah Swamy Residency,did not connect,Interested in a corner flat
Rohan Reddy,+91 9789731389,rohan.reddy434@outlook.com,22/02/2026,Meridian Tower,sale done,Please call after 5 PM
John Gupta,+91 9787116563,john.gupta435@groweasy.ai,23/10/2026,Meridian Tower,sale done,Wants to visit the site this weekend
Karan Sen,+91 9978754481,karan.sen436@gmail.com,46201,Varah Swamy Residency,did not connect,Please call after 5 PM
Amit Doe,+91 9472731190,amit.doe437@gmail.com,"Oct 09, 2026",Meridian Tower,sale done,
Anjali Sharma,+91 9430091075,anjali.sharma438@yahoo.com,46201,Sarjapur Plots,sale done,Interested in a corner flat
Neha Doe,+91 9456302756,neha.doe439@startup.io,2026-09-28,Meridian Tower,Good lead follow up,Wants to visit the site this weekend
John Mehta,+91 9009310401,john.mehta440@yahoo.com,2026-01-22,Sarjapur Plots,sale done,Interested in a corner flat
Neha Joshi,+91 9396795318,neha.joshi441@groweasy.ai,46201,Varah Swamy Residency,,Interested in a corner flat
Deepika Rao,+91 9865676777,deepika.rao442@outlook.com,46201,Sarjapur Plots,Good lead follow up,Wants to visit the site this weekend
Vikram Nair,+91 9744802979,vikram.nair443@yahoo.com,14/08/2026,Meridian Tower,,Alternate email: another@example.com
Neha Joshi,+91 9770802829,neha.joshi444@example.com,"Sep 25, 2026",Meridian Tower,sale done,Interested in a corner flat
Rohan Chawla,+91 9533862589,rohan.chawla445@yahoo.com,46201,Meridian Tower,Good lead follow up,Wants a higher floor
Neha Chawla,+91 9353141841,neha.chawla446@yahoo.com,2026-11-26,Meridian Tower,sale done,Please call after 5 PM
Sneha Reddy,+91 9326833273,sneha.reddy447@groweasy.ai,2026-09-02,Sarjapur Plots,sale done,Interested in a corner flat
Sneha Patel,+91 9135897794,sneha.patel448@outlook.com,2026-07-09,Eden Park 2BHK,Good lead follow up,
Sarah Nair,+91 9651476913,sarah.nair449@yahoo.com,2026-08-03,Eden Park 2BHK,Good lead follow up,Looking for home loan support
Karan Nair,+91 9053151022,karan.nair450@startup.io,2026-07-24,Sarjapur Plots,,Alternate email: another@example.com
Rahul Joshi,+91 9654567844,rahul.joshi451@gmail.com,2026-10-24,Sarjapur Plots,,Please call after 5 PM
Vijay Nair,+91 9792713895,vijay.nair452@gmail.com,01/07/2026,Eden Park 2BHK,bad lead,Wants to visit the site this weekend
Karan Chawla,+91 9297910369,karan.chawla453@yahoo.com,09/01/2026,Eden Park 2BHK,Good lead follow up,Alternate email: another@example.com
Pooja Reddy,+91 9273966667,pooja.reddy454@startup.io,01/08/2026,Meridian Tower,,Requesting floor plan via WhatsApp
Vikram Chawla,+91 9740908579,vikram.chawla455@outlook.com,"Mar 22, 2026",Sarjapur Plots,did not connect,Alternate email: another@example.com
John Sharma,+91 9511846145,john.sharma456@outlook.com,"Dec 04, 2026",Varah Swamy Residency,Good lead follow up,Alternate email: another@example.com
Amit Rao,+91 9339439870,amit.rao457@outlook.com,"Aug 21, 2026",Sarjapur Plots,Good lead follow up,Looking for home loan support
Vikram Sharma,,vikram.sharma458@gmail.com,46201,Eden Park 3BHK,bad lead,Requesting floor plan via WhatsApp
Deepika Patel,+91 9770222404,deepika.patel459@outlook.com,12/03/2026,Sarjapur Plots,sale done,Looking for home loan support
Rahul Sharma,+91 9313097874,rahul.sharma460@yahoo.com,"Feb 25, 2026",Sarjapur Plots,bad lead,
Karan Johnson,+91 9728421888,karan.johnson461@outlook.com,12/08/2026,Sarjapur Plots,,
Anjali Reddy,+91 9315295232,anjali.reddy462@groweasy.ai,13/03/2026,Eden Park 3BHK,bad lead,Alternate email: another@example.com
Neha Johnson,+91 9474206514,neha.johnson463@example.com,46201,Eden Park 3BHK,sale done,
Priya Sen,+91 9545592613,priya.sen464@example.com,25/08/2026,Meridian Tower,bad lead,Looking for home loan support
John Patel,+91 9489772356,john.patel465@example.com,2026-09-20,Varah Swamy Residency,Good lead follow up,Alternate email: another@example.com
Rohan Mehta,+91 9591273927,rohan.mehta466@startup.io,18/11/2026,Eden Park 2BHK,,Looking for home loan support
Rohan Sen,+91 9869827875,rohan.sen467@yahoo.com,2026-06-09,Meridian Tower,Good lead follow up,Looking for home loan support
Anjali Rao,+91 9212638310,anjali.rao468@yahoo.com,46201,Eden Park 3BHK,Good lead follow up,Please call after 5 PM
Pooja Kumar,,pooja.kumar469@groweasy.ai,20/08/2026,Varah Swamy Residency,did not connect,Looking for home loan support
Sneha Johnson,+91 9760248928,sneha.johnson470@outlook.com,46201,Eden Park 2BHK,bad lead,Wants to visit the site this weekend
Deepika Sharma,+91 9723520618,deepika.sharma471@outlook.com,02/08/2026,Meridian Tower,did not connect,Alternate email: another@example.com
Karan Joshi,,karan.joshi472@example.com,"Apr 18, 2026",Meridian Tower,sale done,Requesting floor plan via WhatsApp
Sarah Sen,+91 9600985833,sarah.sen473@startup.io,2026-03-13,Meridian Tower,did not connect,Looking for home loan support
Vikram Joshi,+91 9025055075,vikram.joshi474@gmail.com,46201,Varah Swamy Residency,sale done,Alternate email: another@example.com
Amit Gupta,+91 9420086166,amit.gupta475@groweasy.ai,09/04/2026,Eden Park 3BHK,did not connect,Please call after 5 PM
Pooja Gupta,+91 9247915576,pooja.gupta476@groweasy.ai,27/01/2026,Sarjapur Plots,Good lead follow up,Alternate email: another@example.com
Sneha Kumar,+91 9916199076,sneha.kumar477@groweasy.ai,2026-10-10,Sarjapur Plots,did not connect,Looking for home loan support
John Sen,+91 9794271006,john.sen478@groweasy.ai,46201,Meridian Tower,,Wants a higher floor
Anjali Reddy,+91 9807966990,anjali.reddy479@startup.io,22/03/2026,Sarjapur Plots,sale done,Interested in a corner flat
Rajesh Chawla,+91 9089008948,rajesh.chawla480@outlook.com,"May 21, 2026",Eden Park 3BHK,,Interested in a corner flat
Vijay Rao,+91 9005099734,vijay.rao481@outlook.com,2026-12-16,Sarjapur Plots,did not connect,
Sarah Mehta,+91 9476705461,,2026-11-25,Eden Park 3BHK,,Wants to visit the site this weekend
Priya Doe,+91 9547694793,priya.doe483@yahoo.com,2026-04-08,Meridian Tower,Good lead follow up,
John Sharma,+91 9183982253,john.sharma484@yahoo.com,46201,Sarjapur Plots,did not connect,Interested in a corner flat
Vijay Reddy,+91 9554386332,vijay.reddy485@yahoo.com,"Nov 17, 2026",Eden Park 3BHK,,Requesting floor plan via WhatsApp
Priya Kumar,+91 9545295936,priya.kumar486@startup.io,2026-01-27,Sarjapur Plots,bad lead,
Anjali Sen,+91 9480456394,anjali.sen487@yahoo.com,"Jan 26, 2026",Eden Park 3BHK,,
Priya Sen,+91 9247306916,priya.sen488@yahoo.com,2026-08-13,Varah Swamy Residency,Good lead follow up,Alternate email: another@example.com
Priya Mehta,+91 9518492406,priya.mehta489@gmail.com,07/04/2026,Varah Swamy Residency,Good lead follow up,Alternate email: another@example.com
Rajesh Rao,+91 9524471499,rajesh.rao490@gmail.com,2026-03-26,Varah Swamy Residency,,Interested in a corner flat
Rajesh Singh,,rajesh.singh491@example.com,"Jun 11, 2026",Meridian Tower,did not connect,Looking for home loan support
Rohan Gupta,+91 9755959494,rohan.gupta492@gmail.com,46201,Eden Park 3BHK,,Requesting floor plan via WhatsApp
John Patel,+91 9277559949,john.patel493@gmail.com,"Nov 24, 2026",Eden Park 2BHK,Good lead follow up,Wants to visit the site this weekend
Rajesh Rao,+91 9526971566,rajesh.rao494@example.com,2026-04-01,Sarjapur Plots,,Interested in a corner flat
Rajesh Verma,+91 9622132994,rajesh.verma495@groweasy.ai,12/12/2026,Meridian Tower,did not connect,
Amit Nair,+91 9461564451,amit.nair496@yahoo.com,2026-05-12,Sarjapur Plots,,Looking for home loan support
Karan Kumar,+91 9900145267,karan.kumar497@yahoo.com,46201,Eden Park 2BHK,sale done,Interested in a corner flat
Rajesh Patel,+91 9402960493,,2026-07-28,Varah Swamy Residency,,Looking for home loan support
Priya Sen,+91 9460009184,priya.sen499@startup.io,2026-09-12,Meridian Tower,bad lead,Looking for home loan support
Vijay Nair,+91 9237191734,vijay.nair500@gmail.com,16/06/2026,Meridian Tower,Good lead follow up,Interested in a corner flat